path	role	source	sha256	compiler_marker
alx.ko.bc	driver_ko	bc-files-10/alx.ko.bc	a53512fdd954ba1b3162ac1c6ddc6faed392729d75b0e99ed3f876bcb7d47f49	clang version 10.0.0
foobar_dummy/foobar_dummy.bc	module_bc	bc-files/foobar_dummy/foobar_dummy.bc	2548c4540ccf1059dc3b6ced0a6618a66e93dbfd908398cfd8ce4a81dc41d04f	clang version 10.0.0-4ubuntu1
foobar_dummy/foobar_dummy.ko.bc	driver_ko	bc-files/foobar_dummy/foobar_dummy.ko.bc	907da5f80aa302798a57b124e34c4241e36d95df31449b1f03b061e2002b2747	clang version 10.0.0-4ubuntu1
foobar_dummy/foobar_dummy_kernel.bc	kernel_part	bc-files/foobar_dummy/foobar_dummy_kernel.bc	e289b968cb4fb5c7c0aebe66e21f092f59fbbd4bdd3da1974eeefd562c3c22f5	clang version 10.0.0-4ubuntu1
foobar_dummy/foobar_dummy_nescheck.bc	nescheck	bc-files/foobar_dummy/foobar_dummy_nescheck.bc	c81693d4cf80ebc63f8f7b9db6b15a02da63a38d9a6c61cc338763d1fc51815d	clang version 10.0.0-4ubuntu1
i2c/i2c-algo-bit/i2c-algo-bit.bc	module_bc	bc-files/i2c/i2c-algo-bit/i2c-algo-bit.bc	1b6a941bb049fdc306ec427de5442168db77e63c5c35a7a3481870d00364f71a	clang version 10.0.0-4ubuntu1
i2c/i2c-algo-bit/i2c-algo-bit.ko.bc	driver_ko	bc-files/i2c/i2c-algo-bit/i2c-algo-bit.ko.bc	2aaa148db3334dfc90b7ee7bb53307d48ee298659a483ac757eea6b704dc54d8	clang version 10.0.0-4ubuntu1
i2c/i2c-algo-bit/i2c-algo-bit_kernel.bc	kernel_part	bc-files/i2c/i2c-algo-bit/i2c-algo-bit_kernel.bc	1f118cb9fe04286a1495935bf35707636482e6a9a7527c10ef57db282353a919	clang version 10.0.0-4ubuntu1
i2c/i2c-algo-bit/i2c-algo-bit_nescheck.bc	nescheck	bc-files/i2c/i2c-algo-bit/i2c-algo-bit_nescheck.bc	9ff139ac5a6a0da20b7cc7efd537f8d4a1b75d2f7fa93b14a6ae4a8426e1cb67	clang version 10.0.0-4ubuntu1
i2c/i2c-core/i2c-core.bc	module_bc	bc-files/i2c/i2c-core/i2c-core.bc	54a5c6ef07dd683aa233577955a993194875cc5d50dbb245ddaab8fec9288e65	clang version 10.0.0-4ubuntu1
i2c/i2c-core/i2c-core.ko.bc	driver_ko	bc-files/i2c/i2c-core/i2c-core.ko.bc	4fcc818f88d706a482f5db68cf233fa8b688bb1af6ed9c581aebb2b111fd58e8	clang version 10.0.0-4ubuntu1
i2c/i2c-core/i2c-core_kernel.bc	kernel_part	bc-files/i2c/i2c-core/i2c-core_kernel.bc	6b267f0a993c5ceefd6332d974fc331ed697bfec3466eecfa8e155ddd9057557	clang version 10.0.0-4ubuntu1
i2c/i2c-core/i2c-core_nescheck.bc	nescheck	bc-files/i2c/i2c-core/i2c-core_nescheck.bc	32f6360ede8beb6e8b24af8cf886674601c92fa7c61edb0e1f9b9730ea0a984a	clang version 10.0.0-4ubuntu1
ipmi_devintf/ipmi_devintf.ko.bc	driver_ko	bc-files/ipmi_devintf/ipmi_devintf.ko.bc	a9a47bd15344602c008182c3213b2e1c428b62eb9e31b8eaf857d36ad7c84a24	clang version 10.0.0-4ubuntu1
ipmi_devintf/ipmi_devintf_kernel.bc	kernel_part	bc-files/ipmi_devintf/ipmi_devintf_kernel.bc	c35c807ea1b5d3a504b0bea851feb239ad3f619af048ef527695e2bed9919d90	clang version 10.0.0-4ubuntu1
ixgbe.ko.bc	driver_ko	bc-files-10/ixgbe.ko.bc	433d82366e823dbe07008793c7f1a8ec118a042f7a68d5abd539f4d470b48642	clang version 10.0.0
mei-me/mei-me.ko.bc	driver_ko	bc-files/mei-me/mei-me.ko.bc	016af5b801a522c6dc04768a2db350ad44a7c8ed0450f94b3a3737649e28823b	clang version 10.0.0-4ubuntu1
mei-me/mei-me_kernel.bc	kernel_part	bc-files/mei-me/mei-me_kernel.bc	a1d908c9f1a1686dbfbac929f9829f0082a1572a0f447e7df9ee6c71db68227c	clang version 10.0.0-4ubuntu1
msr.ko.bc	driver_ko	bc-files-10/msr.ko.bc	7aa3c439c8aa31c3077909e1a438f08630adfe34d95c09932841597152e8fad2	clang version 10.0.0
msr/msr.ko.bc	driver_ko	bc-files/msr/msr.ko.bc	f7fec82915d8a8864fadc502f1b8c0a6088da39695e40f73d7199d3e4721c28a	clang version 10.0.0-4ubuntu1
msr/msr_kernel.bc	kernel_part	bc-files/msr/msr_kernel.bc	97fe899e33651af85a1f97b26970164d71afad0d6a07534dc810b68fd72abadc	clang version 10.0.0-4ubuntu1
null_blk/null_blk.ko.bc	driver_ko	bc-files/null_blk/null_blk.ko.bc	f4a0ce62230272741a816cc9b072acea82158bd5edf9dd88efa50b8714ae5a12	clang version 10.0.0-4ubuntu1
null_blk/null_blk_kernel.bc	kernel_part	bc-files/null_blk/null_blk_kernel.bc	7e85b311e20bfd1970a7a275864f5a3cb6ff23e6677e6c1ffa0d85b1eda07334	clang version 10.0.0-4ubuntu1
regmap/regmap-i2c/regmap-i2c.ko.bc	driver_ko	bc-files/regmap/regmap-i2c/regmap-i2c.ko.bc	3130fcce6d733ec1638d842ef2eb762d6303fe1a415e0d480baf46380d25ae25	clang version 10.0.0-4ubuntu1
regmap/regmap-i2c/regmap-i2c_kernel.bc	kernel_part	bc-files/regmap/regmap-i2c/regmap-i2c_kernel.bc	f873026701995d3b97b49b54cb5122050ff3bbcd9d7dbe94a5dbe43aa8335dec	clang version 10.0.0-4ubuntu1
shpchp/shpchp.ko.bc	driver_ko	bc-files/shpchp/shpchp.ko.bc	f533be08176a0cd6c74a113017f07362e014bc5a5d05eedd1ed72f6bdc0d26cc	clang version 10.0.0-4ubuntu1
shpchp/shpchp_kernel.bc	kernel_part	bc-files/shpchp/shpchp_kernel.bc	57daf021c74ef459a727dd84b0269db33833b16dcef801096c7238545896ea23	clang version 10.0.0-4ubuntu1
sound/snd-soc-sst-acpi/snd-soc-sst-acpi.bc	module_bc	bc-files/sound/snd-soc-sst-acpi/snd-soc-sst-acpi.bc	7c6aa837fd8241ee73c0622e639a6f57884cd8dedcd869dc391adc3be7a74a4d	clang version 10.0.0-4ubuntu1
sound/snd-soc-sst-acpi/snd-soc-sst-acpi.ko.bc	driver_ko	bc-files/sound/snd-soc-sst-acpi/snd-soc-sst-acpi.ko.bc	1e08703be93c75d58dfe1ca71f5e75ac5215dcee3d63894cc7f1f907c1a5a186	clang version 10.0.0-4ubuntu1
sound/snd-soc-sst-acpi/snd-soc-sst-acpi_kernel.bc	kernel_part	bc-files/sound/snd-soc-sst-acpi/snd-soc-sst-acpi_kernel.bc	985cc21d0234a80787895dcc6a9d44ca13952f5ecc9a4a7d806352f7a7268b3b	clang version 10.0.0-4ubuntu1
sound/snd-soc-sst-dsp/snd-soc-sst-dsp.bc	module_bc	bc-files/sound/snd-soc-sst-dsp/snd-soc-sst-dsp.bc	89b60afb2a4337493eeff0d9eed4e764761ed4f8d0979606df869f075fb4eb9e	clang version 10.0.0-4ubuntu1
sound/snd-soc-sst-dsp/snd-soc-sst-dsp.ko.bc	driver_ko	bc-files/sound/snd-soc-sst-dsp/snd-soc-sst-dsp.ko.bc	2d45e140b7640df817060e0b73a8b04cce71244d6b04b6b80deb83d99469a696	clang version 10.0.0-4ubuntu1
sound/snd-soc-sst-dsp/snd-soc-sst-dsp_kernel.bc	kernel_part	bc-files/sound/snd-soc-sst-dsp/snd-soc-sst-dsp_kernel.bc	dc22e4a20378531b98e6a5b1371a62b539d55944c9ad1a4bf6ccea0781b7321e	clang version 10.0.0-4ubuntu1
sound/snd-soc-sst-firmware/snd-soc-sst-firmware.bc	module_bc	bc-files/sound/snd-soc-sst-firmware/snd-soc-sst-firmware.bc	9e34eacc427256f1d5a466bd3f23b3b1383a3db02b22d1f084c6d1b47c939029	clang version 10.0.0-4ubuntu1
sound/snd-soc-sst-firmware/snd-soc-sst-firmware.ko.bc	driver_ko	bc-files/sound/snd-soc-sst-firmware/snd-soc-sst-firmware.ko.bc	a788a96120a594350c50c4d0d0e48be4cf83d0ce5a395623030fbc3948a63729	clang version 10.0.0-4ubuntu1
sound/snd-soc-sst-firmware/snd-soc-sst-firmware_kernel.bc	kernel_part	bc-files/sound/snd-soc-sst-firmware/snd-soc-sst-firmware_kernel.bc	8bedadd4c758b32393e0bed90387ab458cbefc95a1f528dc5278733f46a8e759	clang version 10.0.0-4ubuntu1
sound/snd-soc-sst-haswell-pcm/snd-soc-sst-haswell-pcm.bc	module_bc	bc-files/sound/snd-soc-sst-haswell-pcm/snd-soc-sst-haswell-pcm.bc	4942144b8bd5cf00ed040460874e0def644ac4325c5ca9dff42d73a13462d0b5	clang version 10.0.0-4ubuntu1
sound/snd-soc-sst-haswell-pcm/snd-soc-sst-haswell-pcm.ko.bc	driver_ko	bc-files/sound/snd-soc-sst-haswell-pcm/snd-soc-sst-haswell-pcm.ko.bc	0a8802962897b337a6dd3e265aa68c49c584d6a1435d2a9f34ed0650418abf49	clang version 10.0.0-4ubuntu1
sound/snd-soc-sst-haswell-pcm/snd-soc-sst-haswell-pcm_kernel.bc	kernel_part	bc-files/sound/snd-soc-sst-haswell-pcm/snd-soc-sst-haswell-pcm_kernel.bc	0bd1213f6aa016d4faa4bffce303932cc462686adc3cadbf51adbc1daa5801af	clang version 10.0.0-4ubuntu1
sound/snd-soc-sst-haswell/snd-soc-sst-haswell.bc	module_bc	bc-files/sound/snd-soc-sst-haswell/snd-soc-sst-haswell.bc	ad318c2949e95e90c1fb763c64192cbbf328f54937ba6ba852465fad3f451342	clang version 10.0.0-4ubuntu1
sound/snd-soc-sst-haswell/snd-soc-sst-haswell.ko.bc	driver_ko	bc-files/sound/snd-soc-sst-haswell/snd-soc-sst-haswell.ko.bc	6fc954deac0354e7999baaddb654d79cb9ec1b666103a777fd8217f6fe174f77	clang version 10.0.0-4ubuntu1
sound/snd-soc-sst-haswell/snd-soc-sst-haswell_kernel.bc	kernel_part	bc-files/sound/snd-soc-sst-haswell/snd-soc-sst-haswell_kernel.bc	84da9eb1f0be642dd49f037ef0be7e56949e987fd990127b65825168e360bd4e	clang version 10.0.0-4ubuntu1
sound/snd-soc-sst-ipc/snd-soc-sst-ipc.bc	module_bc	bc-files/sound/snd-soc-sst-ipc/snd-soc-sst-ipc.bc	df35e995ac7f2f1d701228ba2b6eab13bd162bf5bbda34499a2d36d17c736b3b	clang version 10.0.0-4ubuntu1
sound/snd-soc-sst-ipc/snd-soc-sst-ipc.ko.bc	driver_ko	bc-files/sound/snd-soc-sst-ipc/snd-soc-sst-ipc.ko.bc	13cd25dfc45d5e24c45b7280df364cb4aec8c5f815d43fa0b419b8c3feb63d44	clang version 10.0.0-4ubuntu1
sound/snd-soc-sst-ipc/snd-soc-sst-ipc_kernel.bc	kernel_part	bc-files/sound/snd-soc-sst-ipc/snd-soc-sst-ipc_kernel.bc	0c2ba822a2765c3b45161888f3cf1055cf804abe38377864dbd2d7f4730c79e8	clang version 10.0.0-4ubuntu1
sound/snd-soc-sst-match/snd-soc-sst-match.bc	module_bc	bc-files/sound/snd-soc-sst-match/snd-soc-sst-match.bc	b2dcbf0b24e1172cb6f9ba0c7aa3d02e93048fcd1d6b94b91daaa0ee14d6f83f	clang version 10.0.0-4ubuntu1
sound/snd-soc-sst-match/snd-soc-sst-match.ko.bc	driver_ko	bc-files/sound/snd-soc-sst-match/snd-soc-sst-match.ko.bc	78ec6fd386b08fcd4c8320383b59447fa3d0997bce7746bf8f709756b6bde630	clang version 10.0.0-4ubuntu1
sound/snd-soc-sst-match/snd-soc-sst-match_kernel.bc	kernel_part	bc-files/sound/snd-soc-sst-match/snd-soc-sst-match_kernel.bc	b3e6e290ffd5b6fa60321e2f0de38bf2115b699d928e2e087bd294e4bbf2d591	clang version 10.0.0-4ubuntu1
